Codigo,Nombre,Apellido,Carrera
2018153,Paul Bell,Heather Ramirez,Ingenieria mecatronica
2018154,Julia Henderson,Stephen Edwards,Ingenieria industrial
2018155,Christine Evans,Robert Griffin,Ingenieria de la energia
2018156,Jessica Hill,Frances Perez,Ingenieria ambiental
2018157,Ryan Coleman,Doris Washington,Bioingenieria
2018158,Martha Jackson,Clarence Watson,Ingenieria de la energia
2018159,Angela Ward,Sarah Ward,Ingenieria de la energia
2018160,Roger Allen,John Martin,Ciencia de la computacion
2018161,Samira Galvan,John Campbell,Ingenieria quimica
2018162,Norma Garcia,Ashley Walker,Ciencia de la computacion
2018163,Eleri Graham,Shirley Bryant,Ingenieria quimica
2018164,Shawn Thomas,Angela Bailey,Ingenieria industrial
2018165,Nicole Cox,Linda Parker,Bioingenieria
2018166,James Henderson,Brandon Moore,Ingenieria mecatronica
2018167,Jane Price,Diane Collins,Ingenieria civil
2018168,Lois Ramirez,Ronald Sanders,Ingenieria quimica
2018169,Tammy Thomas,Paula Martin,Ingenieria de la energia
2018170,Vivienne Thatcher,Stephanie Rogers,Ingenieria ambiental
2018171,Larry Watson,Julia Long,Ingenieria de la energia
2018172,Louise Ross,Judy Cooper,Ingenieria civil
2018173,Adam Evans,Wayne Stewart,Ingenieria ambiental
2018174,Everett Suarez,Norma Wright,Ciencia de la computacion
2018175,Thomas Stewart,Annie Hernandez,Ingenieria electronica
2018176,Samuel Hill,Donna Robinson,Ciencia de la computacion
2018177,Julia Henderson,Carlos Smith,Ingenieria mecatronica
2018178,Craig Turner,Angela Richardson,Ingenieria mecanica
2018179,Marilyn Allen,Melissa Bailey,Bioingenieria
2018180,Ronald Ross,Mary Griffin,Bioingenieria
2018181,Irene Perry,Peter Russell,Ciencia de la computacion
2018182,Roger Harris,Rachel Gonzalez,Ingenieria electronica
2018183,Sarah Martin,Jason Lewis,Ingenieria civil
2018184,Howard Sanders,Karen Davis,Ingenieria quimica
2018185,Jeremy Price,Frances Gray,Ingenieria quimica
2018186,Carolyn Wood,Benjamin Henderson,Ciencia de la computacion
2018187,Betty Bryant,Kathleen Gonzalez,Bioingenieria
2018188,Irene Coleman,Brandon Watson,Ingenieria industrial
2018189,Alice Lee,Henry Lewis,Ingenieria electronica
2018190,Ruth Barnes,Bobby Thomas,Ingenieria electronica
2018191,Imran Roberts,Benjamin Gray,Ingenieria civil
2018192,Mohammod Blankenship,Donna Rivera,Ingenieria de la energia
2018193,Beverly Coleman,Nancy Green,Ingenieria ambiental
2018194,Larry Evans,Marilyn Murphy,Ingenieria industrial
2018195,Steven,Mark Perez,Ingenieria mecanica
2018196,Jeremy Jenkins,George Morgan,Ingenieria quimica
2018197,Katherine Scott,Roy Jenkins,Ciencia de la computacion
2018198,Mary Anderson,Anne Scott,Bioingenieria
2018199,Ann Ramirez,Todd Martinez,Ingenieria industrial
2018200,Amy Robinson,Chris Lewis,Ciencia de la computacion
2018201,Eleri Graham,Brian Parker,Ingenieria ambiental
2018202,Heather Clark,Julie Taylor,Ingenieria civil
2018203,Howard Phillips,Russell Flores,Ingenieria civil
2018204,Frank Taylor,Paula Ross,Ingenieria industrial
2018205,Wanda Scott,Christine Moore,Ingenieria mecanica
2018206,Brian Walker,Gerald Kelly,Ingenieria mecanica
2018207,Theresa Brooks,Maria Stewart,Bioingenieria
2018208,Jacqueline Simmons,Paul Jones,Ingenieria civil
2018209,Lisa Davis,Juan Rivera,Ciencia de la computacion
2018210,Fred Bryant,Eugene Jackson,Ciencia de la computacion
2018211,Richard Kelly,Debra Gonzalez,Ingenieria electronica
2018212,Kathleen Long,Frances Perez,Ingenieria mecanica
2018213,Jose Bell,Carolyn Jenkins,Ingenieria mecatronica
2018214,Ralph Peterson,Timothy Ramirez,Ingenieria ambiental
2018215,Frank Watson,Johnny Griffin,Ingenieria mecatronica
2018216,Christopher Nelson,Brandon Martinez,Ingenieria electronica
2018217,Timothy Gonzalez,Todd Butler,Ingenieria ambiental
2018218,Judith Griffin,Craig Jackson,Ingenieria industrial
2018219,Diane White,Joan Long,Ingenieria mecanica
2018220,Harry King,Angela Bailey,Ingenieria industrial
2018221,Walter Turner,Shirley Howard,Bioingenieria
2018222,Donald Sanders,Jeffrey Hernandez,Ingenieria ambiental
2018223,Charles Butler,Terry Green,Bioingenieria
2018224,Judith Griffin,Philip Foster,Ingenieria de la energia
2018225,Kathryn Anderson,Samuel Jones,Ciencia de la computacion
2018226,Wanda Barnes,Debra Price,Ingenieria industrial
2018227,Amy Parker,Janice Turner,Ciencia de la computacion
2018228,Diane Russell,Maria Hill,Ingenieria electronica
2018229,Kimberly Allen,Todd Butler,Ingenieria quimica
2018230,Nicole Gonzalez,Linda Parker,Ingenieria electronica
2018231,Stephanie Murphy,Norma Morris,Ingenieria industrial
2018232,Melissa Phillips,Jessica Brown,Ingenieria mecanica
2018233,Arthur Williams,Raymond Barnes,Ingenieria electronica
2018234,Louise Thompson,Peter Williams,Ciencia de la computacion
2018235,Anne Evans,Terry Robinson,Ingenieria de la energia
2018236,Alice Wood,Gloria Rivera,Ingenieria quimica
2018237,Betty Anderson,Julia Johnson,Bioingenieria
2018238,Roy Wright,Paul Ramirez,Bioingenieria
2018239,Walter Robinson,Billy Richardson,Ingenieria quimica
2018240,Earl Butler,Jesse Green,Ingenieria quimica
2018241,Esha Hood,Dennis Barnes,Ciencia de la computacion
2018242,Gregory Adams,Cynthia Green,Ingenieria mecanica
2018243,Stephen Bryant,Jane Ross,Ingenieria mecatronica
2018244,Doris Scott,Clarence Watson,Ingenieria mecanica
2018245,Gary Turner,Billy Cook,Ingenieria quimica
2018246,Linda Phillips,Carolyn Jenkins,Ingenieria electronica
2018247,Linda Washington,Deborah Alexander,Ingenieria mecanica
2018248,Kevin Thompson,Linda Butler,Bioingenieria
2018249,Willie Roberts,Cheryl Butler,Bioingenieria
2018250,Michelle Sanders,Sarah Ward,Ingenieria quimica
2018251,Gregory Nelson,Steven Bailey,Ingenieria de la energia
2018252,Anisa Ellwood,Emily Long,Ciencia de la computacion
2018253,Amy Jones,Virginia Sanchez,Ingenieria ambiental
2018254,Anna Ross,Justin Jones,Ingenieria mecatronica
2018255,Gina Cobb,Harry Ward,Ingenieria electronica
2018256,Lawrence Brown,Eric Simmons,Ciencia de la computacion
2018257,Tammy Diaz,Shirley Howard,Ingenieria electronica
2018258,Christine Evans,Angela Bailey,Ciencia de la computacion
2018259,Lori Bennett,Jimmy Taylor,Ingenieria industrial
2018260,Janet Brown,Norma Wilson,Ingenieria industrial
2018261,Alice Edwards,Lori Brown,Ingenieria de la energia
2018262,Ann Jones,Joan Cox,Ingenieria electronica
2018263,Adam Hernandez,Carl Scott,Bioingenieria
2018264,Samuel,Larry Hall,Ingenieria mecatronica
2018265,Angela Murphy,Virginia Sanchez,Ingenieria ambiental
2018266,Jane White,Philip Torres,Ingenieria civil
2018267,Jacqueline Young,Albert Phillips,Ingenieria quimica
2018268,Jason Mitchell,Diana Butler,Ingenieria ambiental
2018269,Victoria Doherty,Kevin Barnes,Ingenieria electronica
2018270,Malikah Arellano,Johnny Griffin,Ingenieria ambiental
2018271,Jennifer Hill,Carol Reed,Ingenieria de la energia
2018272,Tianna Dawson,Denise Green,Ingenieria quimica
2018273,Michelle Roberts,Jesse Carter,Ingenieria electronica
2018274,Joe Howard,Charles Foster,Ingenieria electronica
2018275,Judith Scott,Stephanie Miller,Bioingenieria
2018276,Jane Robinson,John Jones,Ingenieria ambiental
2018277,Vivien Healy,Jason Jackson,Ingenieria ambiental
2018278,Phyllis Hughes,Diane Moore,Ingenieria industrial
2018279,Jean Alexander,Eric Barnes,Ingenieria quimica
2018280,Cheryl Russell,Jesse Lee,Ciencia de la computacion
2018281,Ruby Taylor,Phillip Taylor,Ingenieria quimica
2018282,Frankie Molina,Barbara Wright,Ingenieria mecanica
2018283,Janice Cooper,Raymond Phillips,Bioingenieria
2018284,Harmony Matthews,Jose Parker,Ingenieria mecanica
2018285,Billy Clark,Bobby Jenkins,Ingenieria mecatronica
2018286,Elli Cabrera,Patrick Carter,Bioingenieria
2018287,Denise Harris,Michael Patterson,Ingenieria ambiental
2018288,Anabelle Guerra,Jonathan Hughes,Ingenieria ambiental
2018289,Janet Collins,Brian Parker,Ingenieria mecatronica
2018290,Jean Alexander,Judith Smith,Ingenieria mecanica
2018291,Jonathan Perry,Carl Brooks,Ingenieria ambiental
2018292,Arthur Cooper,Kenneth Reed,Ingenieria industrial
2018293,Jane White,Stephanie Bell,Ingenieria industrial
2018294,Giorgio Mcgowan,Virginia Gray,Ingenieria civil
2018295,Elizabeth Sanders,Julie Lewis,Ingenieria industrial
2018296,Ernest Edwards,Lisa King,Ingenieria mecanica
2018297,William Davis,Frances Gray,Bioingenieria
2018298,Susan Lewis,Stephen Bryant,Ingenieria quimica
2018299,Adam Edwards,Marie Moore,Ingenieria civil
2018300,Stephanie Ross,Anne Hughes,Bioingenieria
2018301,Kenneth Martinez,Joshua Coleman,Ingenieria mecanica
2018302,Harry Lopez,Jeremy Hughes,Bioingenieria
2018303,Mark Cook,Victor Campbell,Ingenieria mecatronica
2018304,Aaron Ward,Linda Watson,Ingenieria quimica
2018305,Clarence Barnes,Raymond Phillips,Ingenieria ambiental
2018306,Lawrence King,Teresa Mitchell,Ingenieria electronica
2018307,Roger Allen,Andrew Diaz,Ingenieria electronica
2018308,James Harris,Louis Cox,Ingenieria electronica
2018309,Anne Young,Ashley Walker,Ingenieria ambiental
2018310,Kathy Foster,Joan Long,Ingenieria quimica
2018311,Philip Richardson,Jesse Green,Ingenieria mecanica
2018312,Marilyn Peterson,Jennifer Peterson,Ingenieria mecanica
2018313,Brenda Powell,Sandra Jackson,Ingenieria civil
2018314,Aaron Powell,Christopher Parker,Ingenieria quimica
2018315,Ruth Clark,Pamela Lee,Ingenieria quimica
2018316,Carlos Collins,Stephen Mitchell,Ingenieria quimica
2018317,Marie Murphy,Eugene Parker,Ingenieria industrial
2018318,Richard Scott,Kelly Morris,Ingenieria mecanica
2018319,Robert Rodriguez,Dorothy Morgan,Ingenieria civil
2018320,Heather Bailey,Karen Davis,Ingenieria civil
2018321,Todd Jackson,Emily Morris,Ingenieria mecanica
2018322,Lawrence Reed,Stephanie Cooper,Ingenieria de la energia
2018323,Katherine Hill,Eric Simmons,Bioingenieria
2018324,Judith Williams,Susan Hughes,Ingenieria quimica
2018325,Lillie-May Nash,Shirley Davis,Ingenieria mecanica
2018326,Beverly Campbell,Gregory,Ciencia de la computacion
2018327,Edward Carter,Rebecca Ward,Ingenieria mecatronica
2018328,Rachel White,Randy Alexander,Ingenieria industrial
2018329,Shirley Martinez,Ashley Mitchell,Ingenieria electronica
2018330,Tammy Torres,Jack Gray,Ingenieria de la energia
2018331,Fred Roberts,Jacqueline Diaz,Ingenieria industrial
2018332,Betty Alexander,Lisa Flores,Ciencia de la computacion
2018333,Karen Brown,Howard Jenkins,Ingenieria mecanica
2018334,Steven Bell,Shirley Cooper,Ingenieria ambiental
2018335,Stephen Allen,Thomas Baker,Bioingenieria
2018336,Anthony Russell,Wayne Green,Ciencia de la computacion
2018337,Samuel Cooper,Denise Lopez,Ingenieria de la energia
2018338,Linda Phillips,Joyce Richardson,Ingenieria mecanica
2018339,Carol Carter,Brandon Ramirez,Bioingenieria
2018340,Ronald Walker,Aaron Simmons,Ingenieria electronica
2018341,Janet Brown,Elizabeth Mitchell,Bioingenieria
2018342,Kathleen,Charles Thomas,Ingenieria industrial
2018343,Clarence Barnes,Russell Baker,Ingenieria industrial
2018344,Doris Scott,Brenda Morgan,Ingenieria industrial
2018345,Rose Martinez,Todd Wood,Ingenieria electronica
2018346,Wayne Johnson,Earl Butler,Ingenieria electronica
2018347,Michael Ramirez,Terry Robinson,Ingenieria ambiental
2018348,Lillian Davis,Carol Reed,Ingenieria industrial
2018349,Paula Collins,Brian Price,Ingenieria industrial
2018350,Bobby Peterson,Jack Baker,Ingenieria quimica
2018351,Norma Coleman,Thomas Alexander,Ingenieria electronica
2018352,Ann Ramirez,Carl Peterson,Ingenieria industrial
2018353,Virginia Simmons,Lawrence Coleman,Ingenieria mecatronica
2018354,Harry Martin,Henry Cook,Ingenieria civil
2018355,Larry Watson,Justin Cox,Ingenieria mecatronica
2018356,Paul Ramirez,Joe Smith,Ingenieria industrial
2018357,Earl Griffin,Henry Cook,Ingenieria quimica
2018358,Debra Wood,Denise Martinez,Ciencia de la computacion
2018359,Alan Morris,Victor Peterson,Bioingenieria
2018360,Ruby Taylor,Virginia Rivera,Ingenieria ambiental
2018361,Jason Smith,Jose Nelson,Ingenieria mecatronica
2018362,Marie Allen,Raymond,Ciencia de la computacion
2018363,Howard Lewis,Margaret Sanchez,Bioingenieria
2018364,Lori Kelly,Kevin Cox,Ingenieria quimica
2018365,Melissa Garcia,Lois Collins,Bioingenieria
2018366,Richard Reed,Eugene Jackson,Ingenieria mecanica
2018367,Katherine Wright,Joyce Richardson,Ingenieria civil
2018368,Timothy Gonzalez,Andrea Sanchez,Ingenieria civil
2018369,Denise Smith,Maria Stewart,Ingenieria civil
2018370,Jane Barnes,Jose Young,Ingenieria mecatronica
2018371,Donna Jackson,Jeremy Lee,Ingenieria quimica
2018372,Dorothy Patterson,Carl Brooks,Ingenieria mecanica
2018373,Marie Sanchez,Anna Clark,Ingenieria de la energia
2018374,Andrea Stewart,Jack Baker,Ingenieria mecanica
2018375,Russell Davis,Jose Davis,Ingenieria industrial
2018376,Katherine Bennett,Aaron Moore,Ciencia de la computacion
2018377,Frankie Molina,Brandon Ramirez,Ingenieria civil
2018378,Jose Bailey,Anthony Long,Ingenieria electronica
2018379,Denise Garcia,Alan Wilson,Ingenieria ambiental
2018380,Jack White,Scott Cooper,Ingenieria de la energia
2018381,Ryan Thomas,Kathleen Walker,Ciencia de la computacion
2018382,Pamela Robinson,Andrew Diaz,Ingenieria industrial
2018383,Emily Stewart,Alice Perry,Ingenieria quimica
2018384,Sarah Powell,Steve Hall,Ingenieria civil
2018385,Sean Turner,Carl Miller,Ingenieria electronica
2018386,Betty Bryant,Janice Coleman,Ingenieria electronica
2018387,Marie Allen,Jeffrey Wright,Ingenieria electronica
2018388,Tammy Torres,Shawn Wright,Ingenieria civil
2018389,Alaw Mora,Raymond Bryant,Ingenieria ambiental
2018390,Daniel Russell,Brandon Lopez,Ingenieria mecanica
2018391,Brian Thomas,Steven Turner,Ingenieria mecanica
2018392,Gregory Nelson,Doris Anderson,Ingenieria quimica
2018393,Katherine Wright,Gregory Carter,Ingenieria industrial
2018394,Adam Edwards,Andrew Morgan,Bioingenieria
2018395,Ann Jones,Fred Phillips,Ingenieria quimica
2018396,Ernest Edwards,Patricia Brown,Ingenieria de la energia
2018397,Nicholas Thompson,Lois Roberts,Ingenieria industrial
2018398,Jose Flores,Karen James,Ingenieria ambiental
2018399,Elizabeth Howard,Johnny Griffin,Ingenieria ambiental
2018400,Rose Reed,Wanda Sanchez,Ingenieria de la energia
2018401,Adam Hernandez,Kenneth Reed,Ingenieria electronica
2018402,Anne Young,Jimmy Murphy,Ingenieria civil
2018403,Brenda Kelly,Harry Ward,Ciencia de la computacion
2018404,Danyaal Patel,Jennifer Watson,Ingenieria quimica
2018405,Donna Clark,Judy Collins,Ingenieria quimica
2018406,Carolyn Rivera,Ruby Hill,Bioingenieria
2018407,Jennifer Henderson,Denise Martinez,Ingenieria quimica
2018408,Jean Alexander,Roger James,Ingenieria electronica
2018409,Tierney Appleton,John Washington,Ingenieria quimica
2018410,Rebecca Robinson,Kimberly Brooks,Ingenieria de la energia
2018411,Patrick Diaz,Andrew Diaz,Ciencia de la computacion
2018412,Paula Collins,Helen Taylor,Bioingenieria
2018413,Cathy Hahn,Todd Robinson,Bioingenieria
2018414,Alice Edwards,Doris Price,Ingenieria de la energia
2018415,Christine Evans,Julia Richardson,Ingenieria civil
2018416,Wayne Johnson,Lisa Griffin,Ingenieria electronica
2018417,Phyllis James,Frances Gray,Ciencia de la computacion
2018418,Beverly Coleman,Kimberly Moore,Ingenieria industrial
2018419,Kathryn Kelly,Kevin Cox,Ciencia de la computacion
2018420,Jane Wright,Kenneth Gonzalez,Ingenieria de la energia
2018421,Jeremy Jenkins,Ruby Rivera,Bioingenieria
2018422,Sean Jackson,William Rogers,Ingenieria electronica
2018423,Ruby Patterson,Daniel Wilson,Ingenieria ambiental
2018424,Anne Evans,Jerry Peterson,Ingenieria civil
2018425,Dorothy Price,Christina Young,Ingenieria civil
2018426,Steven Bell,Nicole Perry,Ingenieria industrial
2018427,Benjamin Martinez,Wanda Washington,Ingenieria quimica
2018428,Anne Evans,Tammy Kelly,Ingenieria quimica
2018429,Casey Riggs,Anthony Flores,Ingenieria mecanica
2018430,Aaron Powell,Janice Adams,Ingenieria quimica
2018431,Peter Peterson,Kathy Anderson,Ingenieria electronica
2018432,Donald Martinez,Stephanie Miller,Ingenieria mecatronica
2018433,Teresa Foster,Philip Torres,Ingenieria civil
2018434,Emily Cooper,Jacqueline Campbell,Ingenieria mecanica
2018435,Charles Green,Rachel James,Ingenieria industrial
2018436,Willie Thompson,Theresa Green,Ciencia de la computacion
2018437,Patricia Long,Betty Russell,Ingenieria electronica
2018438,Julia Hughes,Mildred Walker,Ingenieria ambiental
2018439,Mark Richardson,Douglas Ross,Ciencia de la computacion
2018440,Arthur Walker,Harold Rogers,Ingenieria industrial
2018441,Sharon Edwards,Alice Clark,Ingenieria industrial
2018442,Lois Perry,Lillian Ross,Ingenieria mecatronica
2018443,Saffa Silva,Shirley Davis,Ingenieria mecatronica
2018444,Vivien Healy,Wayne Perez,Ingenieria mecanica
2018445,Christina Jackson,Ernest Thomas,Ciencia de la computacion
2018446,Russell Torres,Mary Cooper,Ingenieria quimica
2018447,Norma Garcia,Roger Cook,Ingenieria mecanica
2018448,James Price,Aaron Patterson,Ingenieria industrial
2018449,Jessica Russell,Kelly Gonzales,Ingenieria mecatronica
2018450,Theresa Brooks,Timothy Nelson,Ingenieria industrial
2018451,Dennis Green,Johnny Gonzalez,Ingenieria mecanica
2018452,Kaitlan Charles,Jerry Phillips,Ingenieria mecatronica
2018453,Susan Bennett,Debra Gonzalez,Ingenieria mecatronica
2018454,Ashley Smith,Sarah Garcia,Ingenieria civil
2018455,Shawn Thomas,Patricia Brown,Bioingenieria
2018456,Joshua Anderson,Beverly Phillips,Ingenieria electronica
2018457,Todd Smith,Sharon Perry,Ciencia de la computacion
2018458,Amy Parker,Victor Clark,Ingenieria mecatronica
2018459,Raymond Mitchell,Phillip Taylor,Ingenieria quimica
2018460,Douglas Johnson,Daniel Wilson,Ingenieria civil
2018461,Cheryl Russell,Christina Young,Ingenieria electronica
2018462,Dorothy Washington,Jesse Martin,Ingenieria industrial
2018463,Gary Turner,Louis Diaz,Bioingenieria
2018464,Tierney Appleton,Terry Campbell,Bioingenieria
2018465,Angela Wood,Alice Clark,Ingenieria electronica
2018466,Beverly Coleman,Jennifer Rodriguez,Ingenieria industrial
2018467,Shirley Jenkins,Ralph Wilson,Ingenieria ambiental
2018468,Arthur Cooper,Chris Lewis,Ingenieria electronica
2018469,Matthew Hughes,Diana James,Ingenieria mecatronica
2018470,Alan Lee,Matthew Lopez,Ingenieria de la energia
2018471,Robert Rodriguez,Irene Cook,Ingenieria civil
2018472,Wayne Johnson,Mark Collins,Ingenieria electronica
2018473,Paul Young,Andrea Price,Ingenieria ambiental
2018474,Amy Collins,Adam Baker,Bioingenieria
2018475,Susan King,Steve Allen,Ingenieria de la energia
2018476,Taliah Zimmerman,Norma Wright,Ingenieria quimica
2018477,Jesse Baker,Carol Alexander,Ingenieria mecanica
2018478,Ryley Rowley,Howard Flores,Ingenieria de la energia
2018479,Andrew Jenkins,Rachel Thompson,Ingenieria de la energia
2018480,Matthew Carter,Wayne Bell,Bioingenieria
2018481,Shawn Ward,James Powell,Ingenieria mecanica
2018482,Emily Powell,Rebecca Hughes,Ingenieria electronica
2018483,Peter Gray,Joshua Baker,Bioingenieria
2018484,Raymond Flores,Carol Brooks,Ingenieria mecanica
2018485,Anne Evans,Jane Ross,Ingenieria industrial
2018486,Esa Herbert,Annie Price,Ingenieria electronica
2018487,Alan Lee,Michelle Harris,Ingenieria mecatronica
2018488,Angela Anderson,Martha Flores,Ingenieria industrial
2018489,Michael Allen,George Alexander,Ingenieria industrial
2018490,Jane Barnes,Andrew Bryant,Ingenieria mecanica
2018491,Robert Edwards,Anthony Long,Ingenieria de la energia
2018492,Norma Garcia,Tina Jackson,Ciencia de la computacion
2018493,Teresa Foster,Marie Martinez,Ingenieria mecatronica
2018494,Kenneth Rivera,Susan Taylor,Ingenieria de la energia
2018495,Norma Bennett,Carol Brooks,Ingenieria industrial
2018496,Gregory Adams,Jeffrey Hernandez,Ingenieria civil
2018497,Gerald Nelson,Eugene Jackson,Ingenieria ambiental
2018498,Jack Price,Aaron Simmons,Ingenieria quimica
2018499,Anisa Ellwood,Keith Kelly,Ciencia de la computacion
2018500,Aaron Rivera,Marilyn Allen,Ingenieria de la energia
2018501,Walter Turner,Bonnie Hill,Ciencia de la computacion
2018502,Michelle Roberts,Christopher Adams,Ingenieria quimica
2018503,Willie Thompson,Brandon Bennett,Ingenieria mecatronica
2018504,Patricia Johnson,Keith Hall,Ingenieria ambiental
2018505,Haaris Mcfarlane,Rose Patterson,Ingenieria industrial
2018506,Tammy Ross,Ronald Baker,Ingenieria mecanica
2018507,Bruce King,Melissa Griffin,Bioingenieria
2018508,Judy Howard,Andrew Ramirez,Ingenieria de la energia
2018509,Carol Watson,Nicholas Rodriguez,Ingenieria mecanica
2018510,Chris Barnes,Edward Hernandez,Ingenieria de la energia
2018511,Aaron Ward,Barbara Stewart,Ingenieria industrial
2018512,Justin Coleman,Jeremy Evans,Ingenieria industrial
2018513,Paula Bailey,Cheryl Torres,Ingenieria electronica
2018514,Jean Bennett,Jack Scott,Ingenieria electronica
2018515,Juan Rivera,Samuel Wilson,Ingenieria electronica
2018516,Mildred Walker,Kimberly Harris,Ciencia de la computacion
2018517,Susan King,Carol Brooks,Ingenieria mecatronica
2018518,Robert Rodriguez,Anna Cox,Ingenieria industrial
2018519,Mark Cooper,Julie,Ingenieria quimica
2018520,Jason Patterson,Henry Cook,Ingenieria quimica
2018521,Jane Barnes,Fred Mitchell,Ciencia de la computacion
2018522,Michelle Roberts,Teresa Morris,Ciencia de la computacion
2018523,Christine Taylor,Kathleen Martinez,Ingenieria electronica
2018524,Debra Cox,Brenda Butler,Ciencia de la computacion
2018525,Donald Johnson,Douglas Gonzalez,Ciencia de la computacion
2018526,Regan Hendricks,Richard Bennett,Ingenieria civil
2018527,Julia Griffin,Joan Ward,Ingenieria ambiental
2018528,Wayne Bennett,Beverly White,Ingenieria civil
2018529,Patrick Thomas,Jacqueline Ramirez,Ingenieria industrial
2018530,Debra Johnson,Donna Thomas,Ingenieria mecatronica
2018531,Raymond Flores,Lois Roberts,Ingenieria quimica
2018532,William Foster,Evelyn Martin,Ingenieria mecanica
2018533,Fred Martinez,Judy Collins,Ingenieria electronica
2018534,Helen James,Frances Gray,Ingenieria ambiental
2018535,Shirley Harris,Linda Roberts,Ingenieria electronica
2018536,Edan Hope,Ernest Bell,Ingenieria de la energia
2018537,Gregory Nelson,Sarah Clark,Ingenieria de la energia
2018538,Ronald Ross,Marilyn Allen,Ingenieria mecanica
2018539,Phillip Cairns,Evelyn Kelly,Ingenieria industrial
2018540,Russell Washington,Joyce Richardson,Ingenieria industrial
2018541,Jean Bennett,Gregory Carter,Ingenieria quimica
2018542,Denise Edwards,Brian Scott,Ingenieria de la energia
2018543,Howard Lewis,Teresa Hill,Bioingenieria
2018544,Aleyna Bonner,Larry Hall,Ingenieria industrial
2018545,Jeremy Ross,Kenneth Washington,Ingenieria electronica
2018546,David Baker,Andrew Ramirez,Ingenieria electronica
2018547,Arthur Cooper,Alice Watson,Bioingenieria
2018548,Deborah Gonzalez,Harold Nelson,Ciencia de la computacion
2018549,Phyllis James,Kelly Wilson,Ingenieria de la energia
2018550,Ronald Reed,Louise Morris,Ingenieria mecanica
2018551,Jason Smith,Jose Johnson,Ingenieria de la energia
2018552,Stephanie Murphy,Julia Richardson,Ingenieria de la energia
2018553,Henry Scott,Maria Lee,Ingenieria electronica
2018554,Louis Morris,Julia Richardson,Ingenieria electronica
2018555,Juan Davis,Lisa Griffin,Ingenieria mecanica
2018556,Sharon Edwards,Annie Williams,Ciencia de la computacion
2018557,Justin Roberts,Jesse Thomas,Bioingenieria
2018558,Sharon Green,Diana Lopez,Ingenieria mecanica
2018559,Tashan Schmitt,Brenda Morgan,Ingenieria electronica
2018560,Heather Peterson,Rachel Gonzalez,Ingenieria ambiental
2018561,Dorothy Patterson,Samuel Gray,Ingenieria electronica
2018562,Judith Perez,Linda Parker,Ingenieria electronica
2018563,Jose Powell,Michael Sanders,Ingenieria civil
2018564,Emily Powell,Daniel Morgan,Bioingenieria
2018565,Earl Campbell,Ernest Hernandez,Ingenieria civil
2018566,Alannah Lott,Craig Gray,Ingenieria ambiental
2018567,Diane Griffin,Lawrence Coleman,Ingenieria quimica
2018568,Paul Young,Christine Peterson,Ingenieria industrial
2018569,Primrose Devine,Harold Mitchell,Ingenieria electronica
2018570,Jean Alexander,Jimmy Morris,Bioingenieria
2018571,Howard Phillips,Andrew Diaz,Ingenieria mecanica
2018572,Timothy Stewart,Terry Robinson,Ingenieria electronica
2018573,Jack Price,Matthew Hall,Ingenieria mecanica
2018574,Gerald Gonzales,Anne Wood,Ingenieria mecanica
2018575,Douglas Johnson,Marilyn Allen,Ingenieria electronica
2018576,Jose Moore,George Morgan,Ingenieria mecanica
2018577,Helen James,Tammy Kelly,Ingenieria mecanica
2018578,Sara Simmons,Emily Long,Ingenieria ambiental
2018579,Anthony Taylor,Brandon Watson,Ingenieria civil
2018580,Lawrence Reed,Sara Miller,Bioingenieria
2018581,Adam Lopez,Jimmy Murphy,Ciencia de la computacion
2018582,Christine Watson,Bobby Jenkins,Bioingenieria
2018583,Brenda Powell,Betty Roberts,Ingenieria mecatronica
2018584,Rose Cox,Katherine Patterson,Ingenieria electronica
2018585,Howard Sanders,Daniel Wilson,Ingenieria quimica
2018586,Joyce Phillips,Eric Simmons,Ingenieria quimica
2018587,Ralph Anderson,Clarence Simmons,Ingenieria mecanica
2018588,Richard Collins,Julia Gonzales,Bioingenieria
2018589,Janet Brown,Kenneth Coleman,Ingenieria industrial
2018590,Aaron Ward,Eric Jackson,Ingenieria civil
2018591,Joe Wright,Evelyn Martin,Ingenieria de la energia
2018592,Julia Downes,Lillian Stewart,Ingenieria quimica
2018593,Albert Bryant,Brandon Watson,Ciencia de la computacion
2018594,Doris Scott,Michael Scott,Ingenieria quimica
2018595,Jason Patterson,Clarence Simmons,Ciencia de la computacion
2018596,Ruby Patterson,Richard Russell,Ingenieria de la energia
2018597,Harrison Laing,Patrick Young,Ingenieria electronica
2018598,Harry Foster,James Baker,Ingenieria civil
2018599,Angela Anderson,Charles Thomas,Bioingenieria
2018600,Bodhi Tang,Adam Baker,Bioingenieria
2018601,Ernest Edwards,Barbara Wright,Ingenieria mecatronica
2018602,Heather Simmons,Michelle Powell,Bioingenieria
2018603,Margaret Mitchell,Karen Diaz,Ingenieria de la energia
2018604,Joseph Rivera,Ernest Bell,Ingenieria de la energia
2018605,Walter Robinson,Jerry Peterson,Ingenieria quimica
2018606,Christopher Nelson,Ashley Walker,Ingenieria quimica
2018607,Julie,Norma Sanchez,Ingenieria mecatronica
2018608,Jonathan Perry,John Campbell,Ciencia de la computacion
2018609,Steven Coleman,Jeremy Evans,Ingenieria ambiental
2018610,Ruth Thomas,Rose Patterson,Ingenieria civil
2018611,Joshua Anderson,Gerald Kelly,Ingenieria quimica
2018612,Andrew Evans,Maria Stewart,Ingenieria de la energia
2018613,William Davis,James Alexander,Bioingenieria
2018614,Ryan Sanders,Todd Robinson,Bioingenieria
2018615,Denise Garcia,Joan Long,Ingenieria de la energia
2018616,Sahar Talley,Theresa Phillips,Ingenieria industrial
2018617,Thomas Hill,Nicholas Moore,Ciencia de la computacion
2018618,Wanda Harris,Judy Johnson,Ingenieria quimica
2018619,Kathryn Smith,Todd Martinez,Ingenieria quimica
2018620,Donna Young,Scott Cooper,Ingenieria industrial
2018621,Robert Patterson,Karen Ross,Ingenieria civil
2018622,Judith Griffin,Kimberly Peterson,Ingenieria industrial
2018623,Deborah Peterson,Mark Walker,Ingenieria electronica
2018624,Kenneth Lopez,Earl Butler,Ingenieria mecanica
2018625,Tierney Appleton,Patrick Carter,Ingenieria quimica
2018626,Jacqueline Richardson,Patrick Carter,Ingenieria civil
2018627,Christina Washington,Arthur Morris,Ingenieria electronica
2018628,David Reed,Lillian Garcia,Ingenieria mecatronica
2018629,Marilyn Richardson,Carol Parker,Ciencia de la computacion
2018630,Mildred Cook,Anne Anderson,Ciencia de la computacion
2018631,Bobby Lewis,Roy Long,Ingenieria electronica
2018632,Kathleen Long,Roy Jenkins,Ingenieria civil
2018633,Linda Washington,Peter Bennett,Ingenieria mecanica
2018634,Anne Walker,Joyce Thompson,Ingenieria industrial
2018635,Lori Bailey,Paula Martin,Ingenieria de la energia
2018636,Ruth Taylor,Bonnie Williams,Ingenieria electronica
2018637,Yasmeen Mcknight,Shirley Bryant,Ingenieria industrial
2018638,Brenda Davis,Shirley Sanchez,Ingenieria industrial
2018639,Gregory Price,Gloria Evans,Ingenieria quimica
2018640,Joe Thomas,Annie Wood,Ingenieria quimica
2018641,Mark Perry,Norma Wright,Ingenieria mecatronica
2018642,Louise Walker,Kenneth King,Ingenieria mecanica
2018643,Sandra Taylor,Brandon Lopez,Ingenieria civil
2018644,Trystan Abbott,Thomas Baker,Ingenieria mecanica
2018645,Carl Barnes,Shirley Torres,Ingenieria industrial
2018646,Edward Richardson,Frances Perez,Ingenieria industrial
2018647,Nancy Bryant,Sandra Diaz,Ingenieria mecatronica
2018648,Alan Morris,Kelly Gonzales,Ingenieria civil
2018649,Jeffrey Rogers,Ryan Coleman,Ingenieria de la energia
2018650,Philip Campbell,Norma Sanchez,Ciencia de la computacion
2018651,Joseph Gray,Jose Parker,Bioingenieria
2018652,Jesse Carter,Janice Turner,Ingenieria mecatronica
2018653,Betty Miller,Barbara Stewart,Ingenieria quimica
2018654,Julia Butler,Donna Thomas,Ingenieria mecatronica
2018655,Ayaana Hamer,Carl Peterson,Ingenieria civil
2018656,Phillip Brooks,Roy Gonzales,Ciencia de la computacion
2018657,Harrison Laing,Jesse Martin,Ingenieria industrial
2018658,Louis Morris,Gary Anderson,Ingenieria ambiental
2018659,Carlos Parker,Debra Walker,Ingenieria mecanica
2018660,Sarah Moore,Steven Rogers,Ingenieria quimica
2018661,Christopher Ramirez,Catherine Kelly,Ingenieria quimica
2018662,Harold Murphy,Arthur Butler,Bioingenieria
2018663,Debra Johnson,Gary Anderson,Ingenieria quimica
2018664,George Ramirez,Paul Perez,Ingenieria de la energia
2018665,Carol Cox,Earl Barnes,Ingenieria quimica
2018666,Lewis OReilly,Andrea Cook,Ingenieria quimica
2018667,Maria Bailey,Katherine Patterson,Bioingenieria
2018668,Benjamin Ramirez,Michael Martin,Bioingenieria
2018669,Jason Smith,Henry Miller,Ingenieria ambiental
2018670,Catherine Brown,Richard Lopez,Ingenieria ambiental
2018671,Brian Lewis,Carlos Hill,Ingenieria mecanica
2018672,Susan Bennett,John Bell,Ingenieria mecatronica
2018673,Junayd Correa,Emily Watson,Ciencia de la computacion
2018674,Samuel Gonzalez,Julia Wright,Ingenieria civil
2018675,Thomas Hill,Ernest Brown,Ingenieria ambiental
2018676,Joe Flores,Anna Clark,Ingenieria industrial
2018677,Diane White,Diane Ward,Ingenieria ambiental
2018678,Daniel Peterson,Earl Butler,Bioingenieria
2018679,Patricia Powell,Joe Smith,Ingenieria de la energia
2018680,Craig Brooks,Catherine Davis,Bioingenieria
2018681,Enid Kearney,Michelle Harris,Ingenieria mecatronica
2018682,Adam Jones,Russell Rodriguez,Ingenieria ambiental
2018683,Walter Turner,Billy Cook,Ingenieria electronica
2018684,Denise Smith,Karen James,Bioingenieria
2018685,Emily Stewart,Joyce Thompson,Ingenieria mecatronica
2018686,Jaydon Russo,Harold Barnes,Ingenieria mecatronica
2018687,Fred Bryant,Craig Jackson,Bioingenieria
2018688,Sharon Green,Paula Allen,Ingenieria mecanica
2018689,Aryan Farley,Patrick Mitchell,Bioingenieria
2018690,Jean Alexander,Kimberly Harris,Ingenieria de la energia
2018691,Anne Anderson,Aaron Simmons,Ciencia de la computacion
2018692,Jack Hernandez,Mildred Hall,Ciencia de la computacion
2018693,Mariam Hall,Wayne Bell,Ingenieria mecatronica
2018694,Mikaela ONeill,Virginia Gray,Ingenieria civil
2018695,Martin Wilson,Judith Cooper,Ingenieria mecanica
2018696,Mary Anderson,Albert Adams,Bioingenieria
2018697,Laura Long,George Alexander,Ciencia de la computacion
2018698,Doris Powell,Jerry Phillips,Ingenieria industrial
2018699,Richard Wilson,Shirley Cooper,Bioingenieria
2018700,Gregory Rodriguez,Craig Diaz,Ingenieria industrial
2018701,Wanda Barnes,Larry Hall,Ingenieria industrial
2018702,Phyllis Martin,Beverly Lee,Ingenieria industrial
2018703,Janet Collins,Kimberly Peterson,Ingenieria quimica
2018704,Heather Clark,Martha Robinson,Ingenieria civil
2018705,Brenda Davis,Laura Wilson,Ingenieria civil
2018706,Albert Bryant,Victor Campbell,Ingenieria civil
2018707,Aaron Ward,Judy Johnson,Ingenieria mecatronica
2018708,Junayd Correa,Andrea Sanchez,Ingenieria quimica
2018709,Ann Flores,Janet Johnson,Ingenieria quimica
2018710,Ruth Clark,Juan Rivera,Ingenieria civil
2018711,Alan Perez,Jesse Ward,Ingenieria civil
2018712,Malikah Arellano,Kenneth Washington,Ingenieria ambiental
2018713,Willie Campbell,Teresa Anderson,Ingenieria industrial
2018714,Helen Thompson,Rose Morgan,Ingenieria ambiental
2018715,Lillian Lee,Joshua Coleman,Ingenieria ambiental
2018716,Doris Adams,Ralph Turner,Ingenieria electronica
2018717,Kelly Alexander,Susan Taylor,Ingenieria mecatronica
2018718,Ralph Sanchez,Jose Nelson,Ingenieria mecanica
2018719,Betty Washington,Michelle Henderson,Ciencia de la computacion
2018720,Mildred Thompson,Melissa Bell,Ingenieria de la energia
2018721,Jose Butler,Beverly Torres,Ciencia de la computacion
2018722,Walter Turner,Virginia Sanchez,Ingenieria electronica
2018723,Tina Hall,Fred Green,Ingenieria electronica
2018724,Jacqueline Richardson,Anna Evans,Ingenieria ambiental
2018725,Jason Smith,Angela Flores,Bioingenieria
2018726,Harry Scott,Kenneth King,Ciencia de la computacion
2018727,Lawrence Brown,Jesse Martin,Ingenieria electronica
2018728,Paul Gray,Heather Ward,Ingenieria civil
2018729,George Miller,Louis Cox,Ingenieria electronica
2018730,Mark Hill,Daniel Morgan,Ingenieria de la energia
2018731,Michelle Sanders,Terry Perry,Bioingenieria
2018732,Helen Robinson,Craig Diaz,Ingenieria quimica
2018733,Jeffrey Morgan,Jeffrey Edwards,Ingenieria electronica
2018734,Paula Lewis,Gloria Turner,Ciencia de la computacion
2018735,Gregory Price,Clarence Watson,Ingenieria mecanica
2018736,George Howard,Michelle Watson,Ingenieria mecanica
2018737,Catherine Alexander,Daniel Davis,Ingenieria mecatronica
2018738,Clarence Barnes,Steve Alexander,Ingenieria mecanica
2018739,Andrew Jenkins,Christopher Adams,Ciencia de la computacion
2018740,Debra Cox,Daniel Perez,Ingenieria electronica
2018741,Justin Torres,Karen Ross,Ingenieria electronica
2018742,Brenda Wood,Louise Morris,Ingenieria industrial
2018743,Ralph Hughes,Richard Garcia,Ingenieria mecatronica
2018744,Ruby Collins,Harry Ward,Bioingenieria
2018745,Alice Lee,Terry Robinson,Ingenieria civil
2018746,Luke Thorpe,Harry Phillips,Ingenieria de la energia
2018747,Fred Edwards,Clarence Diaz,Ingenieria civil
2018748,Randy Henderson,Anthony Griffin,Ingenieria de la energia
2018749,Joan Campbell,Elizabeth Evans,Ingenieria de la energia
2018750,Denise Edwards,Lillian White,Bioingenieria
2018751,Patrick Perez,Alice Walker,Bioingenieria
2018752,Melissa Phillips,James Wood,Ingenieria mecatronica
2018753,Phyllis Hughes,Scott Cook,Ingenieria mecanica
2018754,Helen Barnes,Marilyn Thompson,Ingenieria electronica
2018755,Ernest Brown,Earl Butler,Ingenieria ambiental
2018756,Brian Brooks,William Rogers,Ingenieria ambiental
2018757,Clarence Smith,Raymond,Ciencia de la computacion
2018758,Judy Howard,Clarence Gonzalez,Ciencia de la computacion
2018759,John Henderson,Edward Stewart,Ingenieria ambiental
2018760,Howard Lewis,Thomas Adams,Ingenieria industrial
2018761,Brandon Coleman,Raymond Bryant,Ingenieria de la energia
2018762,Shawn Thomas,Barbara Perry,Ingenieria mecanica
2018763,Judy Bell,Jeremy Bryant,Ciencia de la computacion
2018764,Samuel Wright,Brenda Smith,Ingenieria quimica
2018765,Judith Williams,Gary Reed,Bioingenieria
2018766,Kenneth Rivera,Michelle Allen,Ingenieria civil
2018767,Emily Cooper,Roger Edwards,Ingenieria industrial
2018768,Roger Phillips,Juan Rivera,Bioingenieria
2018769,Rachel James,Andrea Sanchez,Ingenieria de la energia
2018770,Willie Washington,Arthur Butler,Ingenieria mecanica
2018771,Harold Patterson,Amy Henderson,Ingenieria ambiental
2018772,Angela Wood,Jerry Robinson,Ingenieria de la energia
2018773,Chris Morgan,Debra Brown,Ingenieria ambiental
2018774,Joe Howard,Jack Gray,Ingenieria electronica
2018775,Anna Walker,Louis Edwards,Bioingenieria
2018776,Kathryn Smith,John Washington,Ingenieria civil
2018777,Kenneth Rivera,Carl Peterson,Ingenieria quimica
2018778,Edan Hope,Shirley Hughes,Ingenieria electronica
2018779,Michelle Hall,Justin Perez,Ingenieria de la energia
2018780,Irene Perry,Chris Lewis,Ingenieria mecanica
2018781,Patricia Johnson,Jimmy Morris,Ingenieria electronica
2018782,Linda Phillips,Jacqueline King,Ingenieria de la energia
2018783,David Foster,Susan White,Ciencia de la computacion
2018784,Eugene Griffin,Patrick Mitchell,Ingenieria mecanica
2018785,Donald Martinez,Lawrence Williams,Ciencia de la computacion
2018786,Andrew Smith,Andrew Ramirez,Ciencia de la computacion
2018787,Susan King,Norma Wilson,Ingenieria de la energia
2018788,Amanda Bennett,Lori Powell,Ciencia de la computacion
2018789,Adam Lewis,Christopher Hughes,Ciencia de la computacion
2018790,Katherine Hill,Linda White,Ingenieria ambiental
2018791,Kathryn Davis,Julia Gonzales,Ingenieria quimica
2018792,James Hall,Virginia Rivera,Ingenieria mecatronica
2018793,Justin Martin,Steven Wright,Ingenieria mecatronica
2018794,Nicole Bryant,Bonnie Williams,Ingenieria ambiental
2018795,Helen Barnes,Doris Johnson,Ciencia de la computacion
2018796,Aila Jefferson,David Hall,Ingenieria mecanica
2018797,Keith Brown,Andrea Sanchez,Ingenieria quimica
2018798,Carol Barnes,Brandon Hill,Ingenieria de la energia
2018799,Linda Washington,Barbara Perry,Ingenieria mecatronica
2018800,Judy Bell,Nancy Patterson,Ingenieria mecanica
2018801,Edward Wilson,Brenda Morgan,Ciencia de la computacion
2018802,Lillian Phillips,Jimmy Rivera,Ingenieria mecatronica
2018803,Humayra Huber,Stephanie Powell,Ingenieria de la energia
2018804,John Henderson,Eugene Baker,Ingenieria quimica
2018805,Kathryn Rivera,Raymond Phillips,Ingenieria mecanica
2018806,Mildred Hall,Martha Flores,Ciencia de la computacion
2018807,Louis Sanchez,Anna Stewart,Ingenieria quimica
2018808,Walter Robinson,Frances Gray,Ingenieria ambiental
2018809,Emily Powell,Sara Thompson,Ingenieria de la energia
2018810,Samuel Wright,Donald Murphy,Ingenieria ambiental
2018811,Harold Morris,Christopher Adams,Ingenieria industrial
2018812,James Price,Arthur Morris,Ingenieria mecanica
2018813,Joe Stewart,Brian Foster,Bioingenieria
2018814,Steven Simmons,Dennis Clark,Ingenieria ambiental
2018815,Angela Mitchell,Denise Martinez,Bioingenieria
2018816,Douglas Perry,Catherine Davis,Ingenieria mecanica
2018817,Justin Torres,Nancy Hernandez,Ingenieria mecatronica
2018818,Maria Adams,Joan Ward,Ciencia de la computacion
2018819,Louis Robertson,Mark Simmons,Ingenieria ambiental
2018820,Roger Phillips,Julie Lewis,Ingenieria industrial
2018821,Carol Mitchell,Lawrence Coleman,Ingenieria industrial
2018822,Larry Martinez,Jacqueline Roberts,Ingenieria civil
2018823,Patrick Torres,Diane Moore,Ingenieria de la energia
2018824,Mary Price,Jack Baker,Ingenieria de la energia
2018825,Shirley Jenkins,Patricia Hall,Ingenieria de la energia
2018826,Ronald Walker,Kimberly Moore,Ingenieria mecanica
2018827,Kathryn Kelly,Kelly Gonzales,Ingenieria quimica
2018828,Randy Henderson,Bonnie Hill,Ingenieria industrial
2018829,Jeremy Brown,Timothy Richardson,Ingenieria de la energia
2018830,Harry Lopez,Adam Baker,Ingenieria quimica
2018831,Gerald Nelson,Angela Evans,Ingenieria industrial
2018832,Ann Watson,Julia Long,Ingenieria ambiental
2018833,Jeremy Ross,Wanda White,Ingenieria mecanica
2018834,David Smith,Paula Ross,Ingenieria industrial
2018835,Kevin Thompson,Joseph Evans,Ingenieria de la energia
2018836,Fred Sanchez,Phillip Stewart,Ingenieria civil
2018837,Jeffrey Rogers,Terry Perry,Ingenieria mecatronica
2018838,Randy Baker,Paul Jones,Ingenieria ambiental
2018839,Gloria Cox,Charles Foster,Ciencia de la computacion
2018840,Emily Cooper,Mark Simmons,Ingenieria de la energia
2018841,Annie Hall,Harry Butler,Ciencia de la computacion
2018842,Rebecca Walker,Elizabeth Smith,Ingenieria electronica
2018843,Joyce Phillips,Ralph Turner,Bioingenieria
2018844,Yasmeen Mcknight,Earl Butler,Ingenieria industrial
2018845,Dorothy Price,Kevin Bailey,Ingenieria ambiental
2018846,Craig Wilson,Karen Rivera,Ingenieria mecatronica
2018847,Emily Cooper,Kimberly Ramirez,Ingenieria electronica
2018848,Lillian Gonzalez,Diane Rivera,Ingenieria de la energia
2018849,Elizabeth Sanders,Pamela Nelson,Ingenieria ambiental
2018850,Bonnie James,Ronald Simmons,Ingenieria electronica
2018851,Christopher Ramirez,Marie Moore,Ingenieria mecanica
2018852,Wayne Johnson,Barbara Stewart,Ingenieria quimica
2018853,Janice Clark,Roger Price,Ingenieria mecanica
2018854,Debra Wood,Diane Collins,Bioingenieria
2018855,Nicole Bryant,Julia Richardson,Ingenieria mecanica
2018856,Gregory Rodriguez,Angela Bailey,Bioingenieria
2018857,Carolyn Wood,Peter Williams,Ingenieria de la energia
2018858,Harry Moore,Harold Nelson,Ingenieria mecatronica
2018859,Diane White,Samuel Gray,Ingenieria quimica
2018860,Ruby Collins,Paula Allen,Ingenieria electronica
2018861,Jack White,Ernest Wright,Ciencia de la computacion
2018862,Denise Harris,Jesse Lee,Ingenieria de la energia
2018863,Henry Morgan,John Campbell,Ingenieria ambiental
2018864,Charles Green,Terry Young,Ingenieria mecatronica
2018865,Anthony Taylor,James Baker,Ingenieria ambiental
2018866,Jennifer Garcia,Harry Allen,Ciencia de la computacion
2018867,Jose Bell,Sandra Jackson,Ingenieria quimica
2018868,Anna Davis,Louis Bell,Ingenieria industrial
2018869,Irene Hill,Shirley Cooper,Ingenieria mecatronica
2018870,Jesse Baker,Kathy Anderson,Ingenieria industrial
2018871,Julia Hughes,Nicole Carter,Ciencia de la computacion
2018872,Emily Harris,Gloria Rivera,Ingenieria mecanica
2018873,Lori Flores,Steven Smith,Ciencia de la computacion
2018874,Brian Lewis,Harold Mitchell,Ingenieria civil
2018875,Marilyn Lopez,Justin Smith,Ingenieria industrial
2018876,Dorothy Price,Justin Cook,Ingenieria quimica
2018877,Paula Garcia,Michelle Harris,Ingenieria mecatronica
2018878,Mark Cook,Teresa Butler,Ingenieria mecanica
2018879,Richard Reed,Carlos Hill,Ingenieria mecanica
2018880,Torin Peacock,Juan Henderson,Ingenieria electronica
2018881,Clarence Barnes,Philip Torres,Ingenieria electronica
2018882,Helen Ross,Douglas,Ciencia de la computacion
2018883,Marie Murphy,Phyllis Roberts,Ciencia de la computacion
2018884,Tina Hall,Phyllis Kelly,Ingenieria quimica
2018885,Shawn Sanders,Irene Young,Ingenieria civil
2018886,Shirley Martinez,Victor Brooks,Ciencia de la computacion
2018887,Marie Sanchez,Benjamin Gray,Ingenieria industrial
2018888,Edward Richardson,Randy Alexander,Bioingenieria
2018889,Paul Young,Anthony Foster,Ingenieria mecatronica
2018890,Evelyn Cook,Patrick Young,Ingenieria de la energia
2018891,Doris Powell,Louise Patterson,Bioingenieria
2018892,Ann Watson,Jose Johnson,Bioingenieria
2018893,Saffa Silva,Maria Stewart,Ingenieria electronica
2018894,Samuel,Clarence Diaz,Ingenieria quimica
2018895,Richard Reed,Kathleen Gonzalez,Ingenieria industrial
2018896,Louise Ross,Chris Lewis,Ingenieria industrial
2018897,Richard Reed,Susan White,Ciencia de la computacion
2018898,Carlos Baker,Billy Cook,Ingenieria civil
2018899,Alice Lee,Diane Collins,Ciencia de la computacion
2018900,Ann Ramirez,Joan Rivera,Ingenieria civil
2018901,Jose Edwards,Teresa Morris,Bioingenieria
2018902,George Howard,Scott Cook,Ingenieria ambiental
2018903,Ryley Rowley,Justin Cox,Ingenieria mecatronica
2018904,Richard Reed,Nicole Perry,Ciencia de la computacion
2018905,Jane Carter,Jeffrey Hernandez,Ingenieria industrial
2018906,Diane White,Eugene Sanders,Ingenieria de la energia
2018907,Carl Allen,Carol James,Ingenieria quimica
2018908,Aaron Lopez,Frank Clark,Ingenieria civil
2018909,Annie Russell,Rebecca Ward,Bioingenieria
2018910,Michael Williams,Philip Torres,Ingenieria ambiental
2018911,Jack Price,Eugene Sanders,Bioingenieria
2018912,Larry Evans,Kevin Cox,Ingenieria quimica
2018913,David Reed,Angela Bailey,Ingenieria mecatronica
2018914,Jessica Russell,Jane Ross,Ingenieria quimica
2018915,Heather Clark,Bruce Wilson,Ingenieria ambiental
2018916,Judith Griffin,Kathy Robinson,Ingenieria electronica
2018917,William Wright,Alice Clark,Bioingenieria
2018918,Mildred Thompson,Daniel Perez,Ingenieria mecanica
2018919,Terry Garcia,Shirley Johnson,Ingenieria electronica
2018920,Dennis Sanders,Doris Torres,Ingenieria electronica
2018921,Christina Evans,Harold Murphy,Ingenieria ambiental
2018922,Natalie Deacon,Carolyn Jenkins,Ingenieria ambiental
2018923,Marilyn Peterson,Aaron Patterson,Ciencia de la computacion
2018924,Charles Reed,Amy Henderson,Ciencia de la computacion
2018925,Rose Martinez,Jacqueline King,Bioingenieria
2018926,Primrose Devine,Stephen Bryant,Ingenieria mecatronica
2018927,Katherine Scott,Clarence Bennett,Ingenieria civil
2018928,Roger Allen,Jacqueline Diaz,Ciencia de la computacion
2018929,Aaron Rivera,Cheryl Johnson,Ingenieria mecanica
2018930,Juan Rivera,Mary Sanchez,Ingenieria de la energia
2018931,Jaydon Russo,Jessica Harris,Ingenieria mecatronica
2018932,Patricia Long,Peter Russell,Ingenieria civil
2018933,Jane Gonzales,Norma Wilson,Ciencia de la computacion
2018934,Roy Wright,Bruce Lee,Bioingenieria
2018935,Dorothy Price,Kathryn Flores,Ingenieria quimica
2018936,Kimberly Allen,Thomas Parker,Ingenieria industrial
2018937,Alan Martinez,Chris Lewis,Bioingenieria
2018938,Daphne Stafford,Paul Scott,Ingenieria civil
2018939,Ruth Nelson,Jennifer Henderson,Ingenieria mecanica
2018940,Annie Price,Louis Diaz,Ingenieria mecanica
2018941,Tammy Thomas,Denise Lopez,Ingenieria electronica
2018942,Janet Green,Edward Hernandez,Ingenieria mecatronica
2018943,Timothy Torres,Jack Baker,Bioingenieria
2018944,Mildred Cook,Julie Lewis,Ingenieria electronica
2018945,Justin Martin,Lillian White,Ingenieria quimica
2018946,Jennifer Bennett,Randy Alexander,Bioingenieria
2018947,Marie Sanchez,Walter Coleman,Bioingenieria
2018948,Christina Evans,Lori Johnson,Ingenieria mecanica
2018949,Ronald Diaz,Anna Stewart,Ingenieria mecatronica
2018950,Frances Baker,Diane Morgan,Ingenieria mecatronica
2018951,Theresa Brooks,Carolyn Jenkins,Bioingenieria
2018952,Terry Phillips,Bobby Campbell,Ingenieria industrial
2018953,Mohammod Blankenship,Victor Peterson,Ingenieria mecatronica
2018954,Amanda Bennett,Dennis Barnes,Ciencia de la computacion
2018955,Ronald Ross,Matthew Hughes,Ingenieria electronica
2018956,Anna Ross,Linda Parker,Ingenieria electronica
2018957,Scott Evans,Jack Murphy,Ingenieria civil
2018958,Jack White,Carlos Hill,Ciencia de la computacion
2018959,Gloria Cox,Nancy Hughes,Ingenieria industrial
2018960,Daniel Turner,Jack Bryant,Ingenieria quimica
2018961,Cheryl Morris,Jessica Harris,Ingenieria mecatronica
2018962,Donald Flores,Betty Howard,Ingenieria industrial
2018963,Phyllis Wood,Paul Jones,Bioingenieria
2018964,Kathleen,Charles Foster,Ingenieria industrial
2018965,Virginia Simmons,Joseph James,Ingenieria quimica
2018966,Earl Butler,Ruby Hughes,Ingenieria de la energia
2018967,Jerry Stewart,Jessica Henderson,Ingenieria industrial
2018968,Siena Mcarthur,Paula Allen,Ingenieria civil
2018969,Scarlett Alvarado,Patrick Mitchell,Ciencia de la computacion
2018970,Diane White,Beverly Torres,Ingenieria electronica
2018971,Deborah Peterson,Brandon Barnes,Ingenieria electronica
2018972,Betty Bryant,Jane Ross,Ingenieria electronica
2018973,Joseph Ward,Julia Wright,Ingenieria quimica
2018974,Anna Ross,Russell Wood,Ingenieria mecatronica
2018975,Henry Cook,Lisa Martinez,Ingenieria ambiental
2018976,Jack Henderson,Jason Stewart,Ingenieria de la energia
2018977,Frank Washington,Edward Hernandez,Ciencia de la computacion
2018978,Cathy Hahn,Gerald Reed,Ingenieria de la energia
2018979,Louise Jackson,Patricia Brown,Bioingenieria
2018980,Kathryn Garcia,Joyce Howard,Ciencia de la computacion
2018981,Mark Richardson,Jessica Harris,Ciencia de la computacion
2018982,Harold Morris,Jose Parker,Ciencia de la computacion
2018983,Justin Gonzalez,Billy Roberts,Ingenieria industrial
2018984,Phillip Cairns,Sandra Richardson,Ingenieria ambiental
2018985,Christina Hill,Laura Edwards,Ingenieria civil
2018986,Michelle Foster,Clarence Simmons,Ciencia de la computacion
2018987,Wayne Bennett,Judith Lewis,Bioingenieria
2018988,Scarlett Alvarado,Linda Watson,Ingenieria de la energia
2018989,Justin Baker,Brian Price,Ingenieria civil
2018990,James Hall,Ruth Alexander,Ingenieria de la energia
2018991,Teresa Brown,Amy Henderson,Ingenieria electronica
2018992,Shawn Carter,Tina Ross,Ingenieria mecanica
2018993,Stephanie Murphy,Harold Lopez,Ingenieria de la energia
2018994,William Roberts,Clarence Simmons,Ciencia de la computacion
2018995,Beverly Ward,Jane Evans,Ingenieria electronica
2018996,Margaret Hughes,Diana Butler,Bioingenieria
2018997,Julia Long,Mildred Walker,Bioingenieria
2018998,Paula Lewis,Todd Williams,Ingenieria civil
2018999,Debra Cox,Kenneth Washington,Ingenieria mecanica
2019000,Lisa Young,Lori Powell,Ingenieria ambiental
2019001,Judith Williams,Bobby Cox,Ingenieria mecatronica
2019002,Norma Alexander,Aaron Simmons,Ingenieria mecanica
2019003,Billy Long,Eugene Jackson,Ingenieria industrial
2019004,Gregory Price,Andrea Cook,Ingenieria mecanica
2019005,Kathy Foster,Victor Brooks,Ciencia de la computacion
2019006,Benjamin Martinez,Joshua Collins,Ingenieria quimica
2019007,Juniper Frederick,Barbara Garcia,Ingenieria de la energia
2019008,Louise Diaz,Brenda Smith,Ingenieria mecanica
2019009,Joe Flores,Ernest Miller,Ingenieria quimica
2019010,Sean Jackson,Christina Thompson,Ciencia de la computacion
2019011,Paula Lewis,Irene Young,Ingenieria quimica
2019012,Andrea Stewart,Shawn Wright,Ingenieria quimica
2019013,Jennifer Bennett,Kevin Edwards,Ingenieria civil
2019014,Donna Ramirez,Rachel James,Ingenieria ambiental
2019015,Roy Wright,Ernest Reed,Ingenieria mecanica
2019016,Frank Watson,Samuel Price,Ingenieria ambiental
2019017,Joyce Brooks,Betty Campbell,Ingenieria de la energia
2019018,Joyce Phillips,Larry Hall,Bioingenieria
2019019,Rory Conroy,Benjamin Henderson,Ingenieria electronica
2019020,Janet Brown,Jesse Martin,Ingenieria mecanica
2019021,Harry Foster,Martha Young,Ingenieria mecanica
2019022,Donald Johnson,Matthew Hall,Ciencia de la computacion
2019023,Earl Butler,Jacqueline King,Ingenieria industrial
2019024,Kenneth Moore,Pamela Perry,Ingenieria electronica
2019025,Heather Peterson,Ralph Turner,Ingenieria de la energia
2019026,Carolyn Turner,Robert Griffin,Ciencia de la computacion
2019027,Katherine Hill,James Howard,Ingenieria industrial
2019028,Carlos Collins,Joshua Long,Ingenieria industrial
2019029,Phillip Moore,Andrea Cook,Ingenieria civil
2019030,Andrea Parker,Clarence Diaz,Ingenieria electronica
2019031,Ralph Peterson,Rose Patterson,Ingenieria de la energia
2019032,Roger Phillips,Nancy Green,Ingenieria industrial
2019033,Angela Wood,Stephanie Bell,Ingenieria electronica
2019034,Shirley Jenkins,Russell Flores,Ingenieria mecatronica
2019035,Rachel Baker,Helen Wilson,Ingenieria industrial
2019036,Sandra Bennett,Jack Murphy,Ingenieria mecatronica
2019037,Mathew Dotson,Jacqueline King,Ingenieria civil
2019038,Barbara Morgan,Russell Wood,Ingenieria quimica
2019039,Carlos Parker,Julie Lewis,Ciencia de la computacion
2019040,Virginia Simmons,Thomas Rodriguez,Bioingenieria
2019041,Carol Carter,Norma Sanchez,Ingenieria civil
2019042,Lawrence Reed,Lawrence Jenkins,Bioingenieria
2019043,Wayne Bennett,Sandra Diaz,Ingenieria electronica
2019044,Imran Roberts,Sarah Sanders,Ingenieria civil
2019045,Adam Murphy,Matthew Hughes,Ciencia de la computacion
2019046,Kathryn Smith,Linda Allen,Ingenieria mecatronica
2019047,Harmony Matthews,Karen Rivera,Ingenieria civil
2019048,Diana James,Lois Roberts,Ingenieria mecanica
2019049,Samira Galvan,Cheryl Butler,Ingenieria electronica
2019050,Kimberly Allen,Kathryn Lee,Ingenieria de la energia
2019051,Samuel Cooper,Helen Wilson,Ingenieria mecatronica
2019052,Shawn Martin,Sarah Gray,Ciencia de la computacion
2019053,Phyllis Hughes,Sandra Diaz,Ingenieria industrial
2019054,George King,Marie Sanders,Ingenieria industrial
2019055,Ryan Coleman,Clarence Watson,Ingenieria electronica
2019056,Amanda Kelly,Dorothy Morgan,Ingenieria ambiental
2019057,Jerry Torres,Betty Roberts,Ingenieria industrial
2019058,Kenneth Rivera,Norma Thompson,Ingenieria quimica
2019059,Henry Cook,Catherine Jenkins,Ingenieria ambiental
2019060,Lois Moore,Ralph Stewart,Ciencia de la computacion
2019061,Sandra Taylor,George Morgan,Ingenieria mecatronica
2019062,Melissa Phillips,Lillian White,Ciencia de la computacion
2019063,Julia Henderson,Julie Lewis,Ingenieria de la energia
2019064,Henry Morgan,Ronald Sanders,Ingenieria electronica
2019065,Michael Ramirez,Virginia Nelson,Ingenieria ambiental
2019066,Joe Howard,Karen Diaz,Ingenieria de la energia
2019067,Ronald Ross,Jean Sanchez,Ingenieria mecatronica
2019068,Phillip Cairns,Jimmy Lee,Ingenieria mecatronica
2019069,Billy Coleman,Betty Campbell,Ingenieria de la energia
2019070,Brian Harris,Rebecca Hughes,Ingenieria mecanica
2019071,Albert Bryant,Irene Rogers,Ingenieria quimica
2019072,Willie Thompson,Julia Richardson,Ciencia de la computacion
2019073,Danyaal Patel,Douglas Ross,Ingenieria industrial
2019074,Doris Bryant,Kenneth Reed,Ingenieria mecatronica
2019075,Christine Watson,Raymond Anderson,Ciencia de la computacion
2019076,Alan Wood,Patricia Foster,Ingenieria electronica
2019077,Tina Foster,Carol Brooks,Ingenieria de la energia
2019078,Stephanie Cook,Amanda,Ingenieria electronica
2019079,Phyllis Martin,Linda Roberts,Ciencia de la computacion
2019080,Robert Rodriguez,Anna Young,Ingenieria mecanica
2019081,Christopher Perez,Steve Sanders,Bioingenieria
2019082,Ralph Sanchez,Henry Miller,Ingenieria civil
2019083,Catherine Sanders,Ruth King,Ingenieria mecanica
2019084,Phyllis James,Marilyn Thompson,Ciencia de la computacion
2019085,Brian Thomas,Lori Powell,Ingenieria de la energia
2019086,Stephen Brooks,Nancy Hernandez,Ingenieria mecanica
2019087,Kairo Hulme,Pamela Perry,Ciencia de la computacion
2019088,Carolyn Ross,Scott Davis,Bioingenieria
2019089,Dennis Richardson,Gloria Parker,Ingenieria civil
2019090,Sandra Bennett,Diane Ward,Bioingenieria
2019091,Shawn Noble,Susan White,Ingenieria mecatronica
2019092,Mildred Hall,Ruby Perry,Ciencia de la computacion
2019093,Howard Phillips,Billy Cook,Ingenieria electronica
2019094,Fred Edwards,Jeremy Russell,Ingenieria civil
2019095,Carlos Baker,Matthew Turner,Ingenieria ambiental
2019096,Tammy Thomas,Benjamin Martin,Ingenieria electronica
2019097,Jeremy Jenkins,Elizabeth Mitchell,Ciencia de la computacion
2019098,Carolyn Wood,Eugene Russell,Ingenieria mecanica
2019099,Irene Morgan,Donna Robinson,Bioingenieria
2019100,Angela Anderson,Mark Simmons,Bioingenieria
2019101,Sarah Martin,Timothy Ramirez,Ingenieria civil
2019102,Judith Scott,Joseph Evans,Ingenieria quimica
2019103,Arthur Walker,Anne Wood,Ingenieria civil
2019104,Harold Patterson,Eugene Rodriguez,Ingenieria mecanica
2019105,Paul Ramirez,Annie Roberts,Ingenieria quimica
2019106,Marilyn Peterson,Eugene Baker,Ingenieria mecanica
2019107,Karen Howard,Paula Bell,Ingenieria ambiental
2019108,Adam Henderson,Eric Jackson,Ingenieria civil
2019109,Michelle Hall,Paula Bell,Ingenieria electronica
2019110,Christina Thompson,Richard Russell,Ingenieria mecanica
2019111,Jennifer Scott,Matthew Turner,Ingenieria mecatronica
2019112,Shawn Noble,Sean Reed,Ingenieria mecanica
2019113,David Reed,Henry Campbell,Ingenieria industrial
2019114,Bruce Stewart,Roy Jenkins,Bioingenieria
2019115,Roy Wright,Craig Diaz,Ingenieria quimica
2019116,Carl Barnes,Frank Washington,Ingenieria industrial
2019117,Louise Jackson,Jack Bryant,Ingenieria mecanica
2019118,Joseph Gray,Kevin Barnes,Ingenieria de la energia
2019119,Bobby Peterson,Craig Jackson,Ingenieria ambiental
2019120,Amanda Kelly,George Morgan,Ingenieria mecatronica
2019121,Doris Anderson,Howard Bennett,Ingenieria electronica
2019122,Michael Ramirez,Doris Torres,Ingenieria electronica
2019123,Aaron Lopez,Matthew Hughes,Ingenieria industrial
2019124,Michelle Roberts,Raymond Jenkins,Ingenieria ambiental
2019125,Patrick Flores,Melissa Bailey,Ingenieria de la energia
2019126,Joseph Coleman,Lois Cook,Ingenieria electronica
2019127,Elizabeth Adams,Janice Allen,Ingenieria de la energia
2019128,Albert Ross,Dennis Thomas,Ingenieria quimica
2019129,Joshua Thompson,Mary Hall,Ingenieria de la energia
2019130,Martha Jackson,Evelyn Powell,Ingenieria civil
2019131,Kevin King,Kevin Edwards,Ciencia de la computacion
2019132,Annie Hall,Julie Lewis,Ingenieria mecatronica
2019133,Terry Lopez,George Morgan,Ingenieria industrial
2019134,Patricia Long,Linda Nelson,Ingenieria de la energia
2019135,Susan James,Craig Jackson,Ingenieria ambiental
2019136,Roger Harris,Raymond,Ingenieria ambiental
2019137,Angela Holmes,Johnny Bryant,Ciencia de la computacion
2019138,Teresa Foster,Teresa Henderson,Ingenieria mecatronica
2019139,Tierney Appleton,Pamela Nelson,Ingenieria mecanica
2019140,Christopher Williams,Marie Martinez,Ingenieria ambiental
2019141,Nicole Cox,Louise Allen,Ingenieria mecatronica
2019142,James Simmons,Denise Green,Ingenieria civil
2019143,Aaron Lopez,Kevin Turner,Ingenieria electronica
2019144,Pamela Cox,Maria Brooks,Ciencia de la computacion
2019145,Paula Bailey,Jesse Adams,Ingenieria mecatronica
2019146,Martha Jenkins,Joseph Evans,Ciencia de la computacion
2019147,Kevin Thompson,Joshua Cox,Ciencia de la computacion
2019148,Samuel Cooper,Amanda Hernandez,Ingenieria mecatronica
2019149,Brian Brooks,Linda Parker,Ingenieria electronica
2019150,Adam Lopez,Michael Sanders,Bioingenieria
2019151,Jesse Mitchell,Debra Rodriguez,Ciencia de la computacion
2019152,Edan Hope,Roger James,Ingenieria ambiental